year,month,day,location,latitude,longitude,magnitude
684,11.0,29.0,JAPAN,32.5,134.0,8.4
701,5.0,12.0,JAPAN:  KYOTO PREFECTURE,35.7,135.4,7.0
704,8.0,2.0,JAPAN:  KUMANONADA,33.8,136.7,7.0
744,6.0,30.0,"JAPAN:  SHIMABARA, YATSUSHIRO, HIGO",32.4,130.5,6.4
745,6.0,5.0,JAPAN:  MINO,35.5,136.9,7.9
745,6.0,9.0,JAPAN: OSAKA BAY,34.6,135.3,6.5
766,7.0,20.0,JAPAN:  N. KAGOSHIMA BAY,31.6,130.7,6.5
818,8.0,,JAPAN:  TOKKAIDO,35.2,139.3,7.9
850,11.0,27.0,"JAPAN:  YOMAGATA, SHONAI",39.0,139.9,7.0
863,7.0,10.0,"JAPAN: NAOETSU, NIIGATA PREFECTURE",37.1,138.0,7.0
869,7.0,13.0,JAPAN:  SANRIKU,38.5,143.8,8.6
887,8.0,2.0,JAPAN:  HONSHU:  NIIGATA,37.5,138.1,6.5
887,8.0,26.0,JAPAN:  NANKAIDO,33.0,135.3,8.6
922,,,JAPAN:  KUMANONADA,33.8,136.7,7.0
1026,6.0,16.0,"JAPAN:  OFF MASUDA, SHIMANE PREFECTURE",34.8,131.8,7.5
1088,6.0,10.0,JAPAN:  SANRIKU,40.5,143.0,7.0
1096,12.0,17.0,JAPAN:  ENSHUNADA,34.0,137.5,8.4
1099,2.0,22.0,JAPAN:  NANKAIDO,33.0,135.5,8.4
1241,5.0,22.0,JAPAN:  KAMAKURA,35.2,139.4,7.0
1257,10.0,9.0,"SANRIKU, JAPAN",39.0,144.0,7.5
1257,10.0,9.0,JAPAN:  SAGAMI BAY,35.2,139.5,7.0
1293,5.0,27.0,JAPAN:  KAMAKURA,35.2,139.4,7.1
1331,8.0,15.0,"SAGAMI, JAPAN",33.7,135.2,7.0
1341,10.0,31.0,JAPAN:  JUSANKO,41.0,139.5,7.0
1360,11.0,22.0,JAPAN:  KUMANONADA,33.4,136.2,7.0
1361,8.0,3.0,JAPAN:  NANKAIDO,33.0,135.0,8.4
1403,12.0,,JAPAN:  KUMANONADA,33.7,136.5,7.0
1406,10.0,16.0,JAPAN:  SHIMIZU,34.4,138.4,6.2
1408,1.0,21.0,JAPAN:  KUMANONADA,33.8,136.9,7.0
1433,11.0,7.0,"TOKAIDO, JAPAN",34.9,139.5,7.1
1448,9.0,19.0,JAPAN:  SADO,37.5,138.2,7.0
1495,9.0,12.0,JAPAN:  KAMAKURA,35.1,139.5,7.1
1498,7.0,9.0,JAPAN:  ENSHUNADA SEA,34.4,137.7,6.4
1498,9.0,20.0,JAPAN:  NANKAIDO,33.5,135.2,7.5
1498,9.0,20.0,JAPAN:  ENSHUNADA SEA,34.0,138.1,8.3
1510,9.0,21.0,"SEIONAIKAI, JAPAN",34.6,135.4,6.7
1510,10.0,10.0,JAPAN:  ENSHUNADA SEA,34.5,137.6,7.0
1520,4.0,4.0,"JAPAN:  KII, KUMANANONADA",33.6,136.3,7.0
1586,1.0,18.0,JAPAN:  ISE BAY,35.0,136.8,8.2
1589,3.0,21.0,"SURUGA, JAPAN",34.8,138.2,6.7
1596,9.0,4.0,JAPAN:  BEPPU BAY,33.3,131.7,6.9
1597,9.0,10.0,JAPAN:  BEPPU BAY,33.3,131.6,6.4
1602,2.0,8.0,JAPAN:  BOSO,35.1,140.5,7.2
1605,2.0,3.0,JAPAN:   NANKAIDO,33.0,134.9,7.9
1605,2.0,3.0,JAPAN:  ENSHUNADA,33.5,138.5,7.9
1611,12.0,2.0,JAPAN:  SANRIKU,39.0,144.5,8.1
1614,11.0,26.0,JAPAN:  NIIGATA PREFECTURE,37.5,138.0,7.7
1615,6.0,26.0,JAPAN,35.7,139.7,6.4
1616,9.0,9.0,JAPAN:  HONSHU:  MIYAGI PREFECTURE,38.1,142.0,7.0
1616,12.0,6.0,JAPAN: SANRIKU,39.0,144.5,7.5
1619,5.0,1.0,"YATSUSHIRO, JAPAN",32.5,130.6,6.4
1633,3.0,1.0,JAPAN:  ODAWARA,35.2,139.2,7.1
1640,7.0,31.0,JAPAN:  UCHIURA BAY,42.07,140.68,6.5
1642,9.0,4.0,"BOSO, JAPAN",35.2,140.6,6.7
1643,7.0,25.0,SEA OF JAPAN,35.5,129.5,6.5
1644,10.0,18.0,JAPAN:  NW. HONSHU ISLAND,39.4,140.1,6.9
1646,6.0,9.0,JAPAN:  SANRIKU:  SENDAI,37.7,141.7,7.6
1647,6.0,16.0,JAPAN,36.0,140.0,6.4
1662,10.0,30.0,JAPAN:  HIUGANADA,31.7,132.0,7.6
1666,5.0,31.0,"TOKAIDO, JAPAN",35.0,136.8,6.4
1667,,,"MIYAKOJIMA, JAPAN",25.0,125.5,6.7
1670,12.0,17.0,"BOSO, JAPAN",35.5,141.0,6.4
1671,2.0,27.0,JAPAN:  NANKAIDO,33.4,134.7,6.9
1677,4.0,13.0,JAPAN:  SANRIKU,40.0,144.0,8.1
1677,11.0,4.0,JAPAN:  OFF SE. BOSO PENINSULA,35.0,141.5,7.4
1678,10.0,2.0,"JAPAN:  SANRIKU,RIKUCHU",38.6,142.0,7.4
1700,4.0,16.0,"JAPAN:   TSUSHIMA, NAGASAKI PREFECTURE",34.2,129.3,7.0
1703,12.0,30.0,JAPAN:  OFF SW BOSO PENINSULA,35.0,140.0,8.2
1707,10.0,28.0,JAPAN:  ENSHUNADA,34.1,137.8,8.4
1707,10.0,28.0,JAPAN:  NANKAIDO,33.2,134.8,8.4
1708,2.0,13.0,"TOKAIDO, JAPAN",34.0,137.0,7.0
1711,12.0,20.0,"SEIONAIKAI, JAPAN",34.3,134.0,6.7
1715,12.0,29.0,"SEIKAIDO, JAPAN",33.3,131.7,6.6
1717,5.0,13.0,JAPAN:  HANAMAKI,39.0,142.7,7.6
1726,4.0,1.0,JAPAN:  KATSUYAMA,36.3,136.0,6.6
1730,11.0,10.0,JAPAN:  KASHIMA,36.2,142.2,7.6
1732,12.0,4.0,JAPAN:  KUJUKURI BEACH,35.2,140.8,6.5
1739,8.0,16.0,"JAPAN:  N SANRIKU,MUTSU",40.7,142.3,7.1
1751,5.0,20.0,JAPAN:  HONSHU:  NW,37.2,138.1,6.6
1762,10.0,31.0,JAPAN:  NW. HONSHU I. (SADO),38.1,138.7,6.6
1763,1.0,29.0,"JAPAN:  SANRIKU,MUTSU",40.5,143.5,7.4
1763,3.0,11.0,"N. SANRIKU, JAPAN",41.0,142.5,7.8
1763,3.0,15.0,JAPAN:  SANRIKU:  HACHINOHE,40.7,142.0,7.1
1766,3.0,8.0,JAPAN:  HIROSAKI,40.9,140.7,6.9
1768,7.0,22.0,JAPAN:  RYUKYU ISLANDS,26.2,127.5,6.5
1769,8.0,29.0,"SW. KYUSHU ISLAND, JAPAN",32.3,132.0,7.4
1770,5.0,27.0,JAPAN:  MORIOKA,38.6,142.0,7.4
1771,4.0,24.0,JAPAN:  RYUKYU ISLANDS,24.0,124.3,7.4
1772,6.0,3.0,"JAPAN:  SANRIKU,RIKUZEN,RIKUCHU",39.3,142.7,7.4
1782,8.0,22.0,"TOKAIDO, JAPAN",35.1,139.7,7.3
1791,9.0,13.0,JAPAN:  OSAKA BAY,34.5,135.4,6.5
1792,5.0,21.0,JAPAN:  KYUSYU ISLAND,32.8,130.3,6.4
1792,6.0,13.0,JAPAN:  W. HOKKAIDO ISLAND,43.5,140.6,6.9
1793,2.0,8.0,JAPAN:   AOMORI,40.85,139.95,6.9
1793,2.0,17.0,"JAPAN:  SANRIKU,RIKUZEN,RIKUCHU",38.5,144.0,8.3
1799,6.0,29.0,JAPAN:  SW. HONSHU ISLAND,36.6,136.6,6.4
1802,12.0,9.0,"JAPAN:  NW HONSHU:  SADO ISLAND, OGI",37.7,138.3,6.6
1804,7.0,10.0,JAPAN:  KISAKATA,39.05,139.95,7.3
1810,9.0,25.0,JAPAN:  OGA,39.9,139.9,6.6
1812,12.0,7.0,JAPAN,35.4,139.6,6.6
1828,5.0,26.0,JAPAN:  AMAKUSA ISLANDS,32.6,129.9,6.4
1833,12.0,7.0,JAPAN:  HONSHU:  NW,38.9,139.15,7.4
1834,2.0,9.0,"W. HOKKAIDO ISLAND, JAPAN",43.3,141.4,6.4
1835,7.0,20.0,JAPAN:  SANRIKU,37.9,141.9,7.6
1839,5.0,1.0,"SE. HOKKAIDO ISLAND, JAPAN",42.5,145.0,7.3
1843,4.0,25.0,"JAPAN:  HOKKAIDO: YEZO, KUSHIRO, NEMURO",42.0,146.0,8.4
1846,3.0,,"SANRIKU, JAPAN",39.5,142.5,6.9
1847,5.0,8.0,"JAPAN:  ZENKOJI, NAGANO",37.0,138.0,7.4
1854,12.0,23.0,JAPAN:  ENSHUNADA SEA,34.0,137.9,8.3
1854,12.0,24.0,JAPAN:  NANKAIDO,33.1,135.0,8.4
1855,11.0,11.0,JAPAN:  TOKYO,35.65,139.8,7.0
1855,12.0,3.0,JAPAN:  NANKAIDO,32.5,134.5,7.0
1856,8.0,23.0,JAPAN:  OSHIMA,40.5,143.5,8.0
1857,7.0,13.0,"TOKAIDO, JAPAN",34.8,138.3,6.4
1861,10.0,20.0,JAPAN:  HONSHU:  MIYAGI PREFECTURE,38.5,142.0,7.4
1863,9.0,20.0,"NW. HOKKAIDO ISLAND, JAPAN",44.6,141.5,6.4
1872,3.0,14.0,JAPAN:  HONSHU:  SW,34.9,132.0,7.4
1881,10.0,25.0,JAPAN:  HOKKAIDO ISLAND,43.3,147.3,7.0
1889,7.0,28.0,JAPAN:  KUMAMOTO,32.8,130.7,6.3
1891,10.0,27.0,JAPAN:  MINO-OWARI,35.5,137.0,8.4
1894,3.0,22.0,JAPAN:  OFF COAST OF HONSHU,42.5,146.0,7.9
1894,6.0,20.0,JAPAN:  TOKYO,35.7,139.9,7.5
1894,10.0,22.0,JAPAN:  SYONAI,38.9,139.8,7.0
1896,6.0,15.0,JAPAN:  SANRIKU,39.5,144.0,8.3
1897,2.0,7.0,JAPAN,40.0,140.0,8.3
1897,2.0,19.0,JAPAN:  SANRIKU,38.1,141.9,7.4
1897,8.0,5.0,JAPAN:  SANRIKU,38.0,143.7,7.7
1897,8.0,16.0,JAPAN,39.0,143.0,7.9
1898,4.0,22.0,JAPAN:  SANRIKU,38.6,142.0,7.2
1899,11.0,24.0,JAPAN:  SEIKAIDO,31.9,132.0,7.1
1900,1.0,11.0,JAPAN:  SEA OF JAPAN,36.5,133.5,7.8
1901,6.0,24.0,JAPAN:  RYUKYU ISLANDS,27.0,130.0,7.9
1901,8.0,9.0,JAPAN:  OFF NORTHEAST COAST HONSHU,40.5,142.5,7.9
1901,8.0,9.0,JAPAN:  OFF NORTHEAST COAST HONSHU,40.6,142.3,8.2
1901,8.0,9.0,JAPAN:  OFF NORTHEAST COAST HONSHU,40.5,142.5,6.3
1904,3.0,18.0,JAPAN:  HOKKAIDO,42.5,145.8,7.6
1904,6.0,7.0,JAPAN:  SEA OF JAPAN,40.0,134.0,7.9
1904,8.0,24.0,JAPAN:  KYUSHU,30.0,130.0,7.9
1905,6.0,2.0,JAPAN:  AKI,34.0,132.0,7.8
1905,7.0,6.0,JAPAN:  OFF FUKUSHIMA,37.4,142.6,7.0
1905,9.0,1.0,JAPAN:  HOKKAIDO,45.0,143.0,7.5
1906,1.0,21.0,JAPAN:  NEAR S COAST HONSHU,34.0,138.0,8.4
1909,3.0,12.0,JAPAN:  CHOSHI,34.5,141.5,6.7
1909,3.0,13.0,JAPAN:  YOKOHAMA,34.5,141.5,7.5
1909,8.0,14.0,JAPAN:  OOMI,35.4,136.3,6.9
1909,11.0,10.0,JAPAN:  KYUSHU,32.0,131.0,7.9
1910,2.0,12.0,JAPAN:  HONSHU:  S. OF,33.0,138.5,7.4
1910,5.0,22.0,JAPAN:  HOKKAIDO,42.0,145.0,7.5
1911,6.0,15.0,JAPAN:  RYUKYU ISLANDS,28.0,130.0,8.0
1912,6.0,8.0,"SANRIKU, JAPAN",40.5,142.0,6.6
1914,1.0,12.0,JAPAN:  SAKURIJIMA,31.58,130.67,7.1
1914,3.0,15.0,JAPAN:  SENHOKU,39.2,139.8,7.2
1914,11.0,24.0,JAPAN:  VOLCANO ISLANDS,22.0,143.0,8.1
1915,2.0,28.0,JAPAN:  SW RYUKYU ISLANDS,23.6,123.5,7.7
1915,11.0,1.0,JAPAN:  NEAR E COAST HONSHU,38.3,142.9,7.8
1916,2.0,1.0,JAPAN:  DUDA,29.5,131.5,8.0
1916,4.0,21.0,JAPAN:  OFF EAST COAST HONSHU,33.0,141.0,7.8
1919,5.0,3.0,JAPAN:  OFF EAST COAST HONSHU,40.5,145.5,7.6
1923,9.0,1.0,"JAPAN:  TOKYO, YOKOHAMA",35.1,139.5,7.9
1923,9.0,2.0,JAPAN:  NEAR S COAST HONSHU,34.9,140.2,7.7
1925,5.0,23.0,JAPAN:  HONSHU:  TAJIMA,35.75,134.75,6.8
1926,6.0,29.0,JAPAN:  RYUKYU ISLANDS,27.0,127.0,7.5
1927,3.0,7.0,JAPAN:  HONSHU:  SW,35.6,135.1,7.3
1927,8.0,5.0,"SANRIKU, JAPAN",37.9,142.0,6.9
1927,8.0,18.0,"KASHIMA, JAPAN",34.2,142.0,6.9
1929,5.0,21.0,JAPAN:  HIUGANADA,31.7,132.2,6.8
1930,11.0,25.0,JAPAN:  HONSHU:  IDU,35.0,139.0,7.1
1931,3.0,9.0,JAPAN:  NEAR E COAST HONSHU,40.5,142.5,7.7
1931,9.0,21.0,JAPAN:  HONSHU,36.1,139.2,7.0
1931,11.0,2.0,JAPAN:  KYUSHU,32.0,131.5,7.5
1933,3.0,2.0,JAPAN:  SANRIKU,39.209,144.59,8.4
1935,7.0,11.0,JAPAN:  HONSHU,35.0,138.0,6.3
1938,5.0,28.0,"E. HOKKAIDO ISLAND, JAPAN",43.6,144.3,6.1
1938,6.0,10.0,JAPAN:  SW RYUKYU ISLANDS,25.208,125.115,7.6
1938,11.0,5.0,JAPAN:  NEAR E COAST HONSHU,37.1,141.7,7.7
1938,11.0,5.0,JAPAN:  NEAR E COAST HONSHU,37.2,141.7,7.6
1938,11.0,6.0,JAPAN:  OFF EAST COAST HONSHU,37.5,142.2,7.5
1938,11.0,6.0,JAPAN:  NEAR E COAST HONSHU,37.0,141.7,7.1
1938,11.0,13.0,JAPAN:  SANRIKU,37.0,141.5,6.0
1939,3.0,20.0,"SEIKAIDO, JAPAN",32.3,132.0,6.6
1939,5.0,1.0,JAPAN:  HONSHU:  NW,40.1,139.5,7.0
1940,8.0,1.0,JAPAN:  W. HOKKAIDO ISLAND,44.2,139.5,7.5
1941,11.0,18.0,JAPAN:  SHIKOKU,32.0,132.1,7.4
1943,9.0,10.0,JAPAN:  HONSHU:  S,35.3,133.9,7.4
1944,12.0,7.0,JAPAN:  OFF SOUTHEAST COAST KII PENINSULA,34.0,137.1,8.1
1945,1.0,12.0,JAPAN:  HONSHU:  S,34.7,137.2,7.1
1946,12.0,20.0,JAPAN:  HONSHU:  S COAST,33.123,135.905,8.3
1947,11.0,4.0,"W. HOKKAIDO ISLAND, JAPAN",43.8,141.0,7.0
1948,6.0,28.0,JAPAN:  FUKUI,36.5,136.0,7.3
1952,3.0,4.0,JAPAN:  HOKKAIDO,42.15,143.85,8.1
1952,3.0,9.0,JAPAN:  HOKKAIDO,41.7,142.5,7.1
1953,11.0,25.0,JAPAN:  KASHIMA,34.0,141.7,7.4
1954,11.0,18.0,JAPAN:  HONSHU:  MIYAGI PREFECTURE,38.9,142.2,6.5
1956,8.0,12.0,JAPAN:  IZU PENINSULA,33.8,138.8,6.5
1958,3.0,11.0,JAPAN:  RYUKYU ISLANDS,25.0,125.0,7.5
1960,3.0,20.0,JAPAN:  SANRIKU,39.8,143.4,7.5
1960,3.0,23.0,JAPAN:  SANRIKU,39.4,143.7,6.7
1960,7.0,29.0,JAPAN:  SANRIKU,40.3,142.5,6.7
1961,2.0,26.0,JAPAN:  MIYAZAKI,31.6,131.8,7.3
1961,8.0,19.0,JAPAN:  HONSHU:  W COAST,36.0,136.7,7.3
1962,4.0,12.0,JAPAN:  SANRIKU,38.073,142.741,7.2
1962,4.0,30.0,JAPAN:  HONSHU:  SENDAI,38.8,140.9,6.8
1962,5.0,21.0,JAPAN:  OFF COAST OF HONSHU ISLAND,41.8,142.4,5.7
1964,5.0,7.0,JAPAN:  NW. HONSHU ISLAND,40.3,139.0,6.9
1964,5.0,7.0,JAPAN:  NW. HONSHU ISLAND,40.4,139.0,6.6
1964,6.0,16.0,JAPAN:  HONSHU:  W COAST,38.65,139.2,7.5
1965,4.0,19.0,"JAPAN:  AICHI, SHIZOUKA PREFECTURES",34.9,138.0,6.0
1968,2.0,21.0,JAPAN:  KYUSHU,32.0,130.6,6.3
1968,4.0,1.0,"JAPAN:  KYUSHU, SHIKOKU",32.3,132.5,7.5
1968,5.0,16.0,JAPAN:  OFF EAST COAST OF HONSHU ISLAND,40.8,143.2,8.2
1968,5.0,16.0,JAPAN:  OFF COAST OF HONSHU ISLAND,41.5,142.7,7.5
1968,6.0,12.0,JAPAN:  SANRIKU,39.4,143.1,7.2
1968,10.0,7.0,JAPAN:  BONIN ISLANDS,26.3,140.6,7.5
1969,1.0,19.0,JAPAN:  HOKKAIDO,45.0,143.2,7.6
1970,7.0,25.0,"SEIKAIDO, JAPAN",32.2,131.7,7.0
1971,8.0,2.0,JAPAN TRENCH,41.4,143.5,7.3
1972,2.0,29.0,"JAPAN:  S OF HONSHU:  HACHIJOJIMA, TOKYO",33.3,140.8,7.2
1972,12.0,4.0,"JAPAN:  S OF HONSHU, HACHIJOJIMA",33.3,140.7,7.4
1973,6.0,17.0,JAPAN:  HOKKAIDO ISLAND,43.2,145.8,7.7
1974,5.0,8.0,JAPAN:  NAKAGI,34.5,138.7,6.5
1974,8.0,3.0,"JAPAN:  HONSHU:  KAKIOTA,  MITO, TOKYO",36.0,139.82,5.7
1974,9.0,27.0,RUSSIA:  KURIL-JAPAN:  HOKKAIDO,43.2,146.7,6.7
1975,1.0,23.0,JAPAN:  AROSAN,33.0,131.1,5.8
1975,4.0,20.0,"JAPAN:  OITA, AROSAN",33.19,131.3,6.1
1975,6.0,10.0,RUSSIA:  KURIL-JAPAN:  HOKKAIDO,43.024,147.734,7.0
1978,1.0,14.0,"JAPAN:  TOKKAIDO, OSHIMA",34.809,139.259,6.6
1978,2.0,20.0,"JAPAN:  OFUNATO, TOHOKU",38.78,141.95,6.1
1978,6.0,3.0,JAPAN:  S HONSHU:  HIROSHIMA,35.1,132.6,4.9
1978,6.0,12.0,JAPAN:  SANRIKU,38.19,142.028,7.7
1979,2.0,20.0,"IWATE, JAPAN",40.232,143.703,6.4
1980,6.0,29.0,JAPAN:  HONSHU:  S COAST,34.808,139.181,6.2
1980,9.0,24.0,"JAPAN:  TOKYO, YOKOHAMA",35.45,139.964,6.0
1980,10.0,24.0,"MEXICO:  S, HUAJAPAN DE LEON, OAXACA",18.211,-98.24,6.4
1981,1.0,18.0,JAPAN:  E. HONSHU ISLAND,38.64,142.75,6.9
1982,3.0,21.0,"JAPAN:  HOKKAIDO, URAKAWA, HIROO",42.158,142.361,6.7
1982,7.0,23.0,"IBARAKI, JAPAN",36.194,141.702,6.8
1982,12.0,28.0,JAPAN:  S. OF HONSHU ISLAND,33.826,139.434,6.1
1983,5.0,26.0,JAPAN:  HONSHU:  AKITA,40.462,139.102,7.7
1983,6.0,9.0,"NOSHIRO, JAPAN",40.249,138.948,5.9
1983,6.0,21.0,JAPAN:  N. HONSHU ISLAND,41.346,139.099,6.9
1983,8.0,8.0,JAPAN:  HONSHU:  S COAST,35.5,139.07,5.3
1983,10.0,3.0,"JAPAN:  MIYAKEJIMA, OSHIMA",33.941,139.513,6.0
1983,10.0,30.0,"JAPAN:  TOTTORI, YONANGO",35.464,133.899,5.2
1984,6.0,13.0,"JAPAN:  TORI SHIMA, OKINAWA",31.448,140.036,5.5
1984,8.0,6.0,JAPAN:  KYUSHU:  NOBEOKA,32.386,131.945,6.7
1984,9.0,13.0,JAPAN:  HONSHU:  CENTRAL: MT ONTAKE,35.789,137.488,6.1
1984,9.0,18.0,JAPAN:  HONSHU ISLAND,34.006,141.5,6.9
1987,2.0,6.0,JAPAN:  EAST COAST HONSHU,36.988,141.689,6.3
1987,3.0,18.0,"JAPAN:  KYUSHU:  MIYAZAKI, NAZE",32.034,131.837,6.7
1987,3.0,24.0,JAPAN:  HONSHU ISLAND,37.447,137.865,5.1
1987,12.0,17.0,"JAPAN:  HONSHU:  CHIBA PERFECTURE, TOKYO",35.362,140.214,6.0
1989,7.0,9.0,"JAPAN:  HONSHU:  ITO, AJIRO",34.942,139.193,5.0
1989,10.0,29.0,JAPAN:  N. HONSHU ISLAND,39.571,143.333,6.6
1989,11.0,1.0,"JAPAN:  HONSHU: N, AOMORI, MISAWA",39.837,142.76,7.4
1990,2.0,20.0,JAPAN:  NEAR S. COAST OF HONSHU,34.706,139.252,6.4
1990,9.0,23.0,"JAPAN:  W. OF BONIN ISLANDS, IZU IS.",33.267,138.643,6.5
1992,2.0,1.0,JAPAN:  HONSHU:  TOKYO,35.106,139.644,5.6
1992,7.0,18.0,JAPAN:  HONSHU ISLAND,39.419,143.33,7.0
1992,8.0,11.0,JAPAN:  HONSHU:  S,32.536,141.641,6.3
1993,1.0,15.0,"JAPAN:  HOKKADIO, KUSHIRO, HACHINOHE, HONSHU",43.3,143.691,7.6
1993,2.0,7.0,"JAPAN:  HONSHU:  ISHIKAWA, TOYAMA, NIIGATA",37.634,137.245,6.3
1993,7.0,12.0,JAPAN:  HOKKAIDO; RUSSIA:  SOUTHEAST; SOUTH KOREA,42.851,139.197,7.7
1993,8.0,7.0,JAPAN,41.985,139.839,6.3
1994,4.0,8.0,JAPAN:  OFF EAST COAST OF HONSHU ISLAND,40.608,143.683,6.4
1994,10.0,4.0,RUSSIA:  KURIL ISLANDS; JAPAN:  HOKKAIDO,43.773,147.321,8.3
1994,12.0,28.0,JAPAN:  HONSHU,40.525,143.419,7.8
1995,1.0,16.0,"JAPAN:  SW HONSHU:  KOBE, AWAJI-SHIMA, NISHINOMIYA",34.59,135.069,6.9
1995,4.0,1.0,"JAPAN:  NIIGATA PREFECTURE, SADO",37.925,139.186,5.4
1995,10.0,18.0,JAPAN:  RYUKU IS.,27.929,130.175,7.1
1995,10.0,19.0,JAPAN:  RYUKU IS.,28.094,130.148,6.8
1996,9.0,4.0,"HONSHU ISLAND, JAPAN",31.555,139.931,5.7
1996,10.0,18.0,JAPAN:  KYUSHU ISLAND,30.568,131.093,6.6
1996,10.0,19.0,JAPAN:  KYUSHU ISLAND,31.885,131.468,6.7
1996,12.0,2.0,JAPAN:  KYUSHU,31.789,131.314,6.7
1997,3.0,26.0,"JAPAN:  KYUSHU, KAGOSHIMA",31.92,130.429,6.1
1997,9.0,30.0,JAPAN:  HONSHU:  S,31.959,141.878,6.2
1998,5.0,30.0,"SANRIKU, JAPAN",39.027,143.441,6.2
2000,3.0,28.0,JAPAN:  VOLCANO ISLANDS,22.338,143.73,7.6
2000,7.0,1.0,JAPAN:  NEAR S COAST HONSHU:  KOZU-SHIMA,34.221,139.131,6.1
2000,7.0,15.0,JAPAN:  NEAR S COAST HONSHU:  NII-JIMA,34.319,139.26,6.1
2000,7.0,30.0,JAPAN:  HONSHU:  S,33.901,139.376,6.5
2000,10.0,6.0,"JAPAN:  HONSHU:  W:  OKAYAMA, TOTTORI",35.456,133.134,6.7
2001,3.0,24.0,"JAPAN:  HIROSHIMA, OKAYAMA, HONSHU, KAGAMA",34.083,132.526,6.8
2002,3.0,26.0,JAPAN:  RYUKYU ISLANDS,23.346,124.09,6.4
2003,5.0,26.0,"JAPAN:  HONSHU:  IWATE, MIYAGI, YAMAGATA, AKITA",38.849,141.568,7.0
2003,7.0,25.0,"JAPAN:  HONSHU:  MIYAGI, IWATE",38.432,141.003,5.5
2003,9.0,20.0,JAPAN:  HONSHU:  TOKYO,34.998,140.172,5.7
2003,9.0,25.0,JAPAN:  HOKKAIDO,41.815,143.91,8.3
2003,10.0,15.0,JAPAN:  NEAR S COAST HONSHU:  ATSUGI,35.457,139.871,5.2
2003,10.0,31.0,JAPAN:  EAST COAST HONSHU,37.812,142.619,7.0
2004,9.0,5.0,JAPAN:  HONSHU:  W COAST: KYOTO,33.07,136.618,7.2
2004,9.0,5.0,"JAPAN:  HONSHU:  W COAST: KYOTO, WAKAYAMA, SAKAI",33.184,137.071,7.4
2004,10.0,23.0,JAPAN:  HONSHU:  NIIGATA PREFECTURE,37.226,138.779,6.6
2004,10.0,27.0,JAPAN:  HONSHU:  NIIGATA PREFECTURE,37.284,138.885,5.9
2004,11.0,8.0,JAPAN:  HONSHU:  NIIGATA PREFECTURE,37.396,138.862,5.5
2004,11.0,28.0,"JAPAN:  HOKKAIDO:  BEKKAI, KUSHIRO, NEMOURO",43.006,145.119,7.0
2004,12.0,6.0,JAPAN:  HOKKAIDO:  KUSHIRO,42.9,145.228,6.8
2004,12.0,14.0,"JAPAN:  HOKKAIDO:  OBIRO, HABORO, TOMAMAE",44.119,141.793,5.8
2005,1.0,19.0,JAPAN:  EAST COAST HONSHU,34.064,141.491,6.6
2005,3.0,20.0,"JAPAN:  KYUSHU:  FUKUOKA, GENKAI",33.807,130.131,6.6
2005,7.0,23.0,JAPAN:  HONSHU:  TOKYO,35.498,139.982,5.9
2005,8.0,16.0,JAPAN:  EAST COAST HONSHU,38.276,142.039,7.2
2005,11.0,14.0,JAPAN:  EAST COAST HONSHU,38.107,144.896,7.0
2006,1.0,1.0,JAPAN:  HONSHU:  S. OF,31.394,140.131,5.6
2006,6.0,11.0,JAPAN:  KYUSHU,33.129,131.141,6.3
2007,3.0,25.0,JAPAN:  HONSHU:  W COAST,37.336,136.588,6.7
2007,4.0,15.0,JAPAN:  HONSHU:  W,34.807,136.239,4.6
2007,7.0,16.0,JAPAN:  HONSHU:  W COAST,37.57,138.478,6.6
2007,9.0,28.0,JAPAN:  VOLCANO ISLANDS,22.013,142.668,7.5
2008,5.0,7.0,JAPAN:  HONSHU:  E COAST,36.158,141.521,6.8
2008,6.0,13.0,JAPAN:  HONSHU:  TOKYO,39.03,140.881,6.9
2008,7.0,19.0,JAPAN:  OFF EAST COAST OF HONSHU ISLAND,37.552,142.214,6.9
2008,7.0,23.0,JAPAN:  HONSHU:  N,39.802,141.464,6.8
2008,9.0,11.0,JAPAN:  HOKKAIDO,41.892,143.754,6.8
2009,8.0,10.0,JAPAN:  HONSHU:  S COAST,34.743,138.264,6.4
2009,12.0,17.0,JAPAN:  HONSHU:  ITO,34.921,139.261,4.9
2010,2.0,26.0,"JAPAN:  TORI SHIMA, OKINAWA",25.93,128.425,7.0
2010,12.0,21.0,JAPAN:  BONIN ISLANDS,26.901,143.698,7.4
2011,3.0,9.0,JAPAN:  HONSHU:  E COAST,38.435,142.842,7.5
2011,3.0,11.0,JAPAN:  HONSHU,38.297,142.372,9.1
2011,3.0,11.0,JAPAN:  NEAR E COAST HONSHU,36.281,141.111,7.9
2011,3.0,11.0,JAPAN:  OFF EAST COAST HONSHU,38.058,144.59,7.6
2011,4.0,7.0,JAPAN: NEAR E COAST HONSHU,38.276,141.588,7.1
2011,4.0,11.0,JAPAN:  HONSHU,37.001,140.401,6.6
2011,7.0,10.0,JAPAN:  HONSHU:  E COAST,38.034,143.264,7.0
2012,3.0,14.0,JAPAN:  HOKKAIDO,40.887,144.944,6.9
2012,12.0,7.0,JAPAN:  HONSHU:  MIYAGI PREFECTURE,37.89,143.949,7.2
2013,4.0,12.0,JAPAN,34.369,134.828,5.8
2013,4.0,17.0,JAPAN: MIYAKEJIMA,33.958,139.352,5.8
2013,10.0,25.0,JAPAN:  HONSHU:  E COAST,37.156,144.661,7.1
2014,3.0,13.0,JAPAN:  SOUTHWESTERN,33.684,131.825,6.3
2014,7.0,11.0,JAPAN:  SANRIKU,37.005,142.453,6.5
2014,11.0,22.0,"JAPAN:  NAGANO:  HAKUBA, OTARI",36.641,137.888,6.2
2015,2.0,16.0,JAPAN:  HONSHU,39.856,142.881,6.7
2015,5.0,2.0,JAPAN:  HONSHU:  S. OF,31.529,140.213,5.7
2015,5.0,30.0,JAPAN:  BONIN ISLANDS [CHICHIJIMA ISLAND],27.839,140.493,7.8
2015,11.0,13.0,JAPAN:  KYUSYU ISLAND,31.001,128.873,6.7
2016,4.0,15.0,"JAPAN:  KUMAMOTO, OITA",32.791,130.754,7.0
2016,8.0,20.0,JAPAN:  OFF EAST COAST HONSHU,40.394,143.68,6.0
2016,10.0,21.0,JAPAN:  KURAYOSHI,35.374,133.809,6.2
2016,11.0,21.0,JAPAN: NEAR E COAST HONSHU,37.393,141.387,6.9
2018,4.0,8.0,JAPAN:  SHIMANE PREFECTURE,35.259,132.553,5.7
2018,5.0,6.0,JAPAN:  HONSHU:  S. OF,31.444,140.193,5.4
2018,6.0,17.0,JAPAN:  OSAKA,34.825,135.639,5.5
2018,9.0,5.0,JAPAN:  HOKKAIDO,42.686,141.929,6.6
2019,6.0,18.0,JAPAN:  NIIGATA PREFECTURE,38.646,139.472,6.4
2021,2.0,13.0,JAPAN:  OFF FUKUSHIMA,37.745,141.749,7.1
2021,3.0,20.0,JAPAN:  HONSHU ISLAND,38.452,141.648,7.0
2022,3.0,16.0,JAPAN:  OFF FUKUSHIMA,37.702,141.587,7.3
2023,5.0,5.0,"JAPAN: HONSHU: ISHIKAWA, TOYAMA",37.54,137.305,6.2
2023,10.0,5.0,JAPAN:  IZU ISLANDS,29.94,139.95,6.1
2023,10.0,8.0,JAPAN:  IZU ISLANDS,29.707,139.902,4.9
